,Use_Percentage (%),Pokemon,Teammate
0,54.189%,Zacian Crowned Sword,Incineroar
1,37.766%,Kyogre,Incineroar
2,56.035%,Grimmsnarl,Incineroar
3,47.343%,Regieleki,Incineroar
4,61.378%,Rillaboom,Incineroar
5,71.282%,Groudon,Incineroar
6,39.309%,Calyrex Shadow Rider,Incineroar
7,56.853%,Thundurus Incarnate Forme,Incineroar
8,37.907%,Landorus Therian Forme,Incineroar
9,70.758%,Gastrodon,Incineroar
10,70.405%,Charizard,Incineroar
11,60.857%,Amoonguss,Incineroar
12,23.759%,Indeedee Female,Incineroar
13,22.296%,Whimsicott,Incineroar
14,58.851%,Yveltal,Incineroar
15,72.170%,Calyrex Ice Rider,Incineroar
16,72.365%,Palkia,Incineroar
17,52.601%,Porygon2,Incineroar
18,30.613%,Tornadus Incarnate Forme,Incineroar
19,56.028%,Zapdos,Incineroar
20,37.885%,Kartana,Incineroar
21,55.509%,Blastoise,Incineroar
22,58.019%,Venusaur,Incineroar
23,31.626%,Ferrothorn,Incineroar
24,20.983%,Ditto,Incineroar
25,20.020%,Urshifu Single Strike Style,Incineroar
26,74.256%,Xerneas,Incineroar
27,42.353%,Dialga,Incineroar
28,13.633%,Shedinja,Incineroar
29,41.476%,Solgaleo,Incineroar
30,76.026%,Dusclops,Incineroar
31,32.554%,Torkoal,Incineroar
32,14.269%,Kingdra,Incineroar
33,37.691%,Raichu,Incineroar
34,16.087%,Weezing,Incineroar
35,73.243%,Lunala,Incineroar
36,29.881%,White Kyurem,Incineroar
37,60.676%,Tapu Fini,Incineroar
38,67.992%,Sableye,Incineroar
39,57.635%,Urshifu Rapid Strike Style,Incineroar
40,76.435%,Mimikyu,Incineroar
41,21.986%,Gothitelle,Incineroar
42,52.210%,Seismitoad,Incineroar
43,43.664%,Ho-oh,Incineroar
44,14.376%,Heat Rotom,Incineroar
45,52.155%,Eternatus,Incineroar
46,61.320%,Bronzong,Incineroar
47,42.981%,Togekiss,Incineroar
48,81.650%,Coalossal,Incineroar
49,48.311%,Dragapult,Incineroar
50,23.530%,Umbreon,Incineroar
51,41.267%,Comfey,Incineroar
52,57.418%,Lapras,Incineroar
53,72.361%,Rayquaza,Incineroar
54,57.375%,Spectrier,Incineroar
55,27.850%,Reshiram,Incineroar
56,81.782%,Zygarde Complete Forme,Incineroar
57,32.785%,Mamoswine,Incineroar
58,35.312%,Metagross,Incineroar
59,49.528%,Araquanid,Incineroar
60,27.288%,Pheromosa,Incineroar
61,60.636%,Zamazenta Crowned Shield,Incineroar
62,32.716%,Clefairy,Incineroar
63,16.132%,Mienshao,Incineroar
64,42.661%,Lugia,Incineroar
65,40.113%,Chansey,Incineroar
66,60.260%,Suicune,Incineroar
67,66.475%,Landorus Incarnate Forme,Incineroar
68,45.562%,Dusk Mane Necrozma,Incineroar
69,19.691%,Alcremie,Incineroar
70,69.215%,Tapu Koko,Incineroar
71,24.038%,Tsareena,Incineroar
72,83.583%,Glastrier,Incineroar
73,14.823%,Regidrago,Incineroar
74,48.854%,Zekrom,Incineroar
75,12.929%,Shuckle,Incineroar
76,44.408%,Galarian Zapdos,Incineroar
77,28.737%,Meowstic Male,Incineroar
78,37.412%,Snorlax,Incineroar
79,25.142%,Stakataka,Incineroar
80,36.068%,Thundurus Therian Forme,Incineroar
81,40.508%,Galarian Moltres,Incineroar
82,45.454%,Milotic,Incineroar
83,44.296%,Mewtwo,Incineroar
84,66.089%,Salamence,Incineroar
85,42.467%,Hatterene,Incineroar
86,12.412%,Sneasel,Incineroar
87,72.420%,Escavalier,Incineroar
88,43.818%,Wash Rotom,Incineroar
89,38.013%,Politoed,Incineroar
90,42.253%,Ludicolo,Incineroar
91,51.558%,Slowking,Incineroar
92,3.680%,Swampert,Incineroar
93,5.779%,Azumarill,Incineroar
94,65.598%,Scizor,Incineroar
95,47.055%,Galarian Articuno,Incineroar
96,25.902%,Pikachu,Incineroar
97,34.150%,Alolan Ninetales,Incineroar
98,12.595%,Giratina Origin Forme,Incineroar
99,11.843%,Toxapex,Incineroar
100,41.224%,Raikou,Incineroar
101,7.001%,Pelipper,Incineroar
102,71.223%,Galarian Weezing,Incineroar
103,38.982%,Kingler,Incineroar
104,18.648%,Oranguru,Incineroar
105,51.618%,Nihilego,Incineroar
106,21.317%,Garchomp,Incineroar
107,80.219%,Tapu Bulu,Incineroar
108,68.084%,Kangaskhan,Incineroar
109,93.443%,Drifblim,Incineroar
110,60.687%,Primarina,Incineroar
111,67.264%,Sceptile,Incineroar
112,39.074%,Pincurchin,Incineroar
113,36.502%,Aegislash Shield Forme,Incineroar
114,36.460%,Porygon-Z,Incineroar
115,40.783%,Butterfree,Incineroar
116,40.273%,Mudsdale,Incineroar
117,31.952%,Cherrim,Incineroar
118,7.448%,Exeggutor,Incineroar
119,55.600%,Altaria,Incineroar
120,50.539%,Klefki,Incineroar
121,36.478%,Jellicent,Incineroar
122,25.653%,Riolu,Incineroar
123,30.030%,Alolan Exeggutor,Incineroar
124,21.171%,Dragonite,Incineroar
125,26.876%,Cradily,Incineroar
126,47.927%,Obstagoon,Incineroar
127,63.496%,Kabutops,Incineroar
128,2.919%,Clefable,Incineroar
129,31.925%,Appletun,Incineroar
130,18.721%,Bisharp,Incineroar
131,58.958%,Stonjourner,Incineroar
132,55.884%,Diggersby,Incineroar
133,30.296%,Giratina Altered Forme,Incineroar
134,15.545%,Corviknight,Incineroar
135,25.520%,Cresselia,Incineroar
136,98.945%,Wishiwashi Solo Form,Incineroar
137,16.101%,Conkeldurr,Incineroar
138,46.878%,Boltund,Incineroar
139,18.775%,Terrakion,Incineroar
140,24.601%,Black Kyurem,Incineroar
141,63.725%,Mantine,Incineroar
142,7.583%,Machamp,Incineroar
143,29.962%,Goodra,Incineroar
144,40.953%,Silvally,Incineroar
145,44.861%,Xurkitree,Incineroar
146,3.388%,Garbodor,Incineroar
147,58.785%,Dugtrio,Incineroar
148,53.821%,Mow Rotom,Incineroar
149,50.875%,Glaceon,Incineroar
150,76.829%,Manectric,Incineroar
151,46.162%,Crobat,Incineroar
152,75.266%,Tyrantrum,Incineroar
153,25.228%,Cinccino,Incineroar
154,38.081%,Kommo-o,Incineroar
155,21.429%,Blissey,Incineroar
156,13.893%,Cloyster,Incineroar
157,50.972%,Drampa,Incineroar
158,38.559%,Hawlucha,Incineroar
159,62.249%,Mime Galarian Mr. Mime,Incineroar
160,11.580%,Clawitzer,Incineroar
161,83.290%,Qwilfish,Incineroar
162,6.792%,Haxorus,Incineroar
163,14.517%,Dhelmise,Incineroar
164,14.974%,Runerigus,Incineroar
165,38.734%,Braviary,Incineroar
166,42.610%,Virizion,Incineroar
167,15.943%,Alolan Raichu,Incineroar
168,26.588%,Copperajah,Incineroar
169,37.362%,Sylveon,Incineroar
170,20.866%,Slurpuff,Incineroar
171,30.306%,Hippowdon,Incineroar
172,19.043%,Alakazam,Incineroar
173,53.950%,Thievul,Incineroar
174,39.071%,Cofagrigus,Incineroar
175,37.114%,Starmie,Incineroar
176,15.207%,Ribombee,Incineroar
177,22.547%,Toxtricity Low Key Form,Incineroar
178,48.245%,Magnezone,Incineroar
179,11.975%,Gallade,Incineroar
180,19.993%,Gourgeist Small Size,Incineroar
181,35.976%,Shiinotic,Incineroar
182,31.914%,Lycanroc Dusk Form,Incineroar
183,10.298%,Galarian Slowbro,Incineroar
184,28.813%,Roserade,Incineroar
185,54.193%,Tangrowth,Incineroar
186,32.065%,Sandaconda,Incineroar
187,28.852%,Polteageist,Incineroar
188,68.014%,Tangela,Incineroar
189,20.535%,Crawdaunt,Incineroar
190,26.234%,Heracross,Incineroar
191,35.083%,Stoutland,Incineroar
192,35.684%,Jolteon,Incineroar
193,21.656%,Cursola,Incineroar
194,19.382%,Dedenne,Incineroar
195,47.112%,Reuniclus,Incineroar
196,18.812%,Dusknoir,Incineroar
197,32.678%,Gardevoir,Incineroar
198,42.522%,Galvantula,Incineroar
199,17.917%,Passimian,Incineroar
200,27.546%,Lycanroc Midday Form,Incineroar
201,29.271%,Tentacruel,Incineroar
202,45.421%,Dragalge,Incineroar
203,47.973%,Scyther,Incineroar
204,36.944%,Alolan Sandslash,Incineroar
205,54.037%,Lycanroc Midnight Form,Incineroar
206,18.550%,Golurk,Incineroar
207,85.839%,Fan Rotom,Incineroar
208,22.682%,Steelix,Incineroar
209,88.447%,Corsola,Incineroar
210,31.467%,Zacian Crowned Sword,Kyogre
211,22.887%,Incineroar,Kyogre
212,24.080%,Grimmsnarl,Kyogre
213,27.632%,Regieleki,Kyogre
214,31.216%,Rillaboom,Kyogre
215,18.351%,Calyrex Shadow Rider,Kyogre
216,16.827%,Thundurus Incarnate Forme,Kyogre
217,43.125%,Landorus Therian Forme,Kyogre
218,30.845%,Amoonguss,Kyogre
219,56.547%,Indeedee Female,Kyogre
220,52.084%,Whimsicott,Kyogre
221,17.536%,Calyrex Ice Rider,Kyogre
222,34.875%,Porygon2,Kyogre
223,84.699%,Tornadus Incarnate Forme,Kyogre
224,73.176%,Zapdos,Kyogre
225,85.397%,Kartana,Kyogre
226,17.458%,Venusaur,Kyogre
227,53.210%,Ferrothorn,Kyogre
228,26.373%,Ditto,Kyogre
229,44.607%,Urshifu Single Strike Style,Kyogre
230,24.807%,Dialga,Kyogre
231,82.039%,Shedinja,Kyogre
232,42.346%,Solgaleo,Kyogre
233,19.040%,Dusclops,Kyogre
234,24.417%,Torkoal,Kyogre
235,86.306%,Kingdra,Kyogre
236,74.742%,Raichu,Kyogre
237,42.097%,Weezing,Kyogre
238,30.652%,Entei,Kyogre
239,21.408%,Sableye,Kyogre
240,68.010%,Tapu Lele,Kyogre
241,46.358%,Mimikyu,Kyogre
242,30.024%,Gothitelle,Kyogre
243,91.167%,Seismitoad,Kyogre
244,15.477%,Heat Rotom,Kyogre
245,10.733%,Regigigas,Kyogre
246,64.007%,Cinderace,Kyogre
247,23.074%,Togekiss,Kyogre
248,35.079%,Dragapult,Kyogre
249,18.886%,Umbreon,Kyogre
250,27.950%,Indeedee Male,Kyogre
251,29.929%,Comfey,Kyogre
252,26.459%,Spectrier,Kyogre
253,60.305%,Barraskewda,Kyogre
254,18.816%,Metagross,Kyogre
255,35.977%,Pheromosa,Kyogre
256,22.761%,Arcanine,Kyogre
257,15.893%,Mienshao,Kyogre
258,12.448%,Landorus Incarnate Forme,Kyogre
259,37.885%,Dusk Mane Necrozma,Kyogre
260,26.058%,Tapu Koko,Kyogre
261,32.987%,Hydreigon,Kyogre
262,75.017%,Weavile,Kyogre
263,74.266%,Tsareena,Kyogre
264,56.785%,Glastrier,Kyogre
265,45.216%,Dracovish,Kyogre
266,70.156%,Regidrago,Kyogre
267,53.048%,Hitmontop,Kyogre
268,31.186%,Darmanitan Galarian Standard Mode,Kyogre
269,39.912%,Zekrom,Kyogre
270,15.205%,Galarian Zapdos,Kyogre
271,28.964%,Volcarona,Kyogre
272,41.020%,Meowstic Male,Kyogre
273,68.736%,Alolan Persian,Kyogre
274,31.403%,Snorlax,Kyogre
275,14.742%,Stakataka,Kyogre
276,60.480%,Thundurus Therian Forme,Kyogre
277,20.153%,Galarian Moltres,Kyogre
278,56.995%,Talonflame,Kyogre
279,64.526%,Klinklang,Kyogre
280,76.628%,Inteleon,Kyogre
281,83.233%,Salamence,Kyogre
282,15.218%,Hatterene,Kyogre
283,42.177%,Escavalier,Kyogre
284,61.151%,Ludicolo,Kyogre
285,27.456%,Slowking,Kyogre
286,3.511%,Swampert,Kyogre
287,11.578%,Scizor,Kyogre
288,32.941%,Galarian Articuno,Kyogre
289,21.292%,Tyranitar,Kyogre
290,42.692%,Pikachu,Kyogre
291,30.067%,Alolan Marowak,Kyogre
292,63.249%,Raikou,Kyogre
293,70.934%,Galarian Weezing,Kyogre
294,37.864%,Oranguru,Kyogre
295,61.593%,Garchomp,Kyogre
296,75.471%,Heliolisk,Kyogre
297,82.735%,Moltres,Kyogre
298,94.128%,Drifblim,Kyogre
299,10.770%,Primarina,Kyogre
300,93.443%,Toxicroak,Kyogre
301,13.740%,Dracozolt,Kyogre
302,18.445%,Sceptile,Kyogre
303,86.757%,Pincurchin,Kyogre
304,56.814%,Aegislash Shield Forme,Kyogre
305,43.542%,Porygon-Z,Kyogre
306,30.843%,Butterfree,Kyogre
307,57.711%,Lucario,Kyogre
308,77.955%,Mudsdale,Kyogre
309,15.063%,Klefki,Kyogre
310,55.217%,Gigalith,Kyogre
311,25.310%,Jellicent,Kyogre
312,16.017%,Riolu,Kyogre
313,55.634%,Mandibuzz,Kyogre
314,71.771%,Lurantis,Kyogre
315,76.800%,Alolan Exeggutor,Kyogre
316,38.102%,Dragonite,Kyogre
317,24.048%,Darmanitan Standard Mode,Kyogre
318,53.337%,Cradily,Kyogre
319,8.219%,Kabutops,Kyogre
320,53.393%,Articuno,Kyogre
321,16.115%,Blacephalon,Kyogre
322,88.723%,Drednaw,Kyogre
323,81.847%,Clefable,Kyogre
324,32.975%,Appletun,Kyogre
325,9.615%,Registeel,Kyogre
326,12.887%,Rhyperior,Kyogre
327,54.207%,Electivire,Kyogre
328,31.543%,Abomasnow,Kyogre
329,49.969%,Diggersby,Kyogre
330,13.923%,Giratina Altered Forme,Kyogre
331,13.503%,Corviknight,Kyogre
332,17.182%,Vikavolt,Kyogre
333,43.683%,Durant,Kyogre
334,17.060%,Cresselia,Kyogre
335,1.185%,Mr. Rime,Kyogre
336,48.455%,Cobalion,Kyogre
337,34.978%,Black Kyurem,Kyogre
338,69.748%,Mantine,Kyogre
339,47.126%,Goodra,Kyogre
340,3.230%,Tauros,Kyogre
341,8.603%,Luxray,Kyogre
342,35.422%,Mow Rotom,Kyogre
343,39.333%,Gengar,Kyogre
344,81.848%,Manectric,Kyogre
345,28.369%,Crobat,Kyogre
346,86.268%,Tyrantrum,Kyogre
347,65.255%,Blissey,Kyogre
348,38.729%,Blaziken,Kyogre
349,19.961%,Hawlucha,Kyogre
350,63.643%,Mime Galarian Mr. Mime,Kyogre
351,31.148%,Zacian Crowned Sword,Grimmsnarl
352,28.706%,Incineroar,Grimmsnarl
353,20.356%,Kyogre,Grimmsnarl
354,17.311%,Regieleki,Grimmsnarl
355,34.450%,Rillaboom,Grimmsnarl
356,52.588%,Groudon,Grimmsnarl
357,18.584%,Thundurus Incarnate Forme,Grimmsnarl
358,22.976%,Landorus Therian Forme,Grimmsnarl
359,46.379%,Gastrodon,Grimmsnarl
360,57.381%,Charizard,Grimmsnarl
361,23.820%,Yveltal,Grimmsnarl
362,47.175%,Zapdos,Grimmsnarl
363,27.933%,Blastoise,Grimmsnarl
364,26.212%,Venusaur,Grimmsnarl
365,25.194%,Ferrothorn,Grimmsnarl
366,33.104%,Ditto,Grimmsnarl
367,48.980%,Xerneas,Grimmsnarl
368,25.678%,Dialga,Grimmsnarl
369,36.029%,Solgaleo,Grimmsnarl
370,22.836%,Entei,Grimmsnarl
371,24.415%,Lunala,Grimmsnarl
372,24.652%,White Kyurem,Grimmsnarl
373,52.244%,Seismitoad,Grimmsnarl
374,14.211%,Ho-oh,Grimmsnarl
375,29.702%,Heat Rotom,Grimmsnarl
376,30.400%,Eternatus,Grimmsnarl
377,14.796%,Cinderace,Grimmsnarl
378,28.513%,Togekiss,Grimmsnarl
379,12.015%,Dragapult,Grimmsnarl
380,20.482%,Comfey,Grimmsnarl
381,15.346%,Rayquaza,Grimmsnarl
382,57.213%,Reshiram,Grimmsnarl
383,29.822%,Zygarde Complete Forme,Grimmsnarl
384,11.207%,Mamoswine,Grimmsnarl
385,30.746%,Metagross,Grimmsnarl
386,18.887%,Araquanid,Grimmsnarl
387,48.835%,Arcanine,Grimmsnarl
388,20.889%,Zamazenta Crowned Shield,Grimmsnarl
389,37.848%,Lugia,Grimmsnarl
390,12.597%,Suicune,Grimmsnarl
391,9.301%,Landorus Incarnate Forme,Grimmsnarl
392,66.455%,Alcremie,Grimmsnarl
393,19.505%,Hydreigon,Grimmsnarl
394,12.311%,Tsareena,Grimmsnarl
395,31.699%,Darmanitan Galarian Standard Mode,Grimmsnarl
396,37.419%,Zekrom,Grimmsnarl
397,12.046%,Thundurus Therian Forme,Grimmsnarl
398,23.495%,Milotic,Grimmsnarl
399,82.297%,Salamence,Grimmsnarl
400,21.194%,Wash Rotom,Grimmsnarl
401,28.057%,Slowking,Grimmsnarl
402,78.150%,Swampert,Grimmsnarl
403,15.482%,Galarian Articuno,Grimmsnarl
404,80.748%,Toxapex,Grimmsnarl
405,19.928%,Kingler,Grimmsnarl
406,35.287%,Nihilego,Grimmsnarl
407,15.109%,Butterfree,Grimmsnarl
408,6.159%,Lucario,Grimmsnarl
409,36.666%,Mudsdale,Grimmsnarl
410,28.457%,Cherrim,Grimmsnarl
411,66.433%,Exeggutor,Grimmsnarl
412,57.336%,Froslass,Grimmsnarl
413,27.275%,Mandibuzz,Grimmsnarl
414,14.428%,Duraludon,Grimmsnarl
415,1.604%,Trevenant,Grimmsnarl
416,19.942%,Bisharp,Grimmsnarl
417,75.194%,Registeel,Grimmsnarl
418,81.961%,Diggersby,Grimmsnarl
419,71.586%,Vikavolt,Grimmsnarl
420,38.906%,Boltund,Grimmsnarl
421,59.729%,Black Kyurem,Grimmsnarl
422,73.662%,Tauros,Grimmsnarl
423,43.514%,Mow Rotom,Grimmsnarl
424,22.467%,Crobat,Grimmsnarl
425,24.932%,Cinccino,Grimmsnarl
426,12.116%,Cloyster,Grimmsnarl
427,21.986%,Hawlucha,Grimmsnarl
428,1.160%,Qwilfish,Grimmsnarl
429,11.568%,Togetic,Grimmsnarl
430,82.833%,Torracat,Grimmsnarl
431,19.669%,Salazzle,Grimmsnarl
432,33.108%,Shiinotic,Grimmsnarl
433,11.118%,Tangrowth,Grimmsnarl
434,12.491%,Sandaconda,Grimmsnarl
435,16.931%,Heracross,Grimmsnarl
436,26.774%,Drapion,Grimmsnarl
437,17.695%,Lycanroc Midday Form,Grimmsnarl
438,81.296%,Bewear,Grimmsnarl
439,48.386%,Lycanroc Midnight Form,Grimmsnarl
440,45.779%,Lickilicky,Grimmsnarl
441,29.083%,Zacian Crowned Sword,Rillaboom
442,27.822%,Incineroar,Rillaboom
443,23.349%,Kyogre,Rillaboom
444,30.482%,Grimmsnarl,Rillaboom
445,8.941%,Groudon,Rillaboom
446,36.442%,Calyrex Shadow Rider,Rillaboom
447,28.737%,Thundurus Incarnate Forme,Rillaboom
448,24.992%,Landorus Therian Forme,Rillaboom
449,16.050%,Gastrodon,Rillaboom
450,10.515%,Charizard,Rillaboom
451,22.524%,Yveltal,Rillaboom
452,12.540%,Calyrex Ice Rider,Rillaboom
453,9.927%,Palkia,Rillaboom
454,16.066%,Tornadus Incarnate Forme,Rillaboom
455,39.572%,Zapdos,Rillaboom
456,71.924%,Blastoise,Rillaboom
457,31.140%,Ditto,Rillaboom
458,33.574%,Xerneas,Rillaboom
459,30.748%,Dialga,Rillaboom
460,29.591%,Solgaleo,Rillaboom
461,6.132%,Kingdra,Rillaboom
462,15.573%,Raichu,Rillaboom
463,12.186%,Weezing,Rillaboom
464,18.777%,Entei,Rillaboom
465,19.950%,Lunala,Rillaboom
466,59.438%,Sableye,Rillaboom
467,39.735%,Urshifu Rapid Strike Style,Rillaboom
468,19.516%,Gothitelle,Rillaboom
469,16.504%,Seismitoad,Rillaboom
470,22.742%,Ho-oh,Rillaboom
471,47.653%,Heat Rotom,Rillaboom
472,33.037%,Eternatus,Rillaboom
473,7.724%,Regigigas,Rillaboom
474,17.365%,Cinderace,Rillaboom
475,34.990%,Togekiss,Rillaboom
476,75.559%,Coalossal,Rillaboom
477,26.874%,Dragapult,Rillaboom
478,24.148%,Comfey,Rillaboom
479,17.739%,Lapras,Rillaboom
480,54.323%,Rayquaza,Rillaboom
481,17.455%,Spectrier,Rillaboom
482,46.983%,Reshiram,Rillaboom
483,20.332%,Zygarde Complete Forme,Rillaboom
484,28.115%,Mamoswine,Rillaboom
485,10.406%,Barraskewda,Rillaboom
486,23.602%,Araquanid,Rillaboom
487,27.962%,Arcanine,Rillaboom
488,13.961%,Zamazenta Crowned Shield,Rillaboom
489,32.496%,Clefairy,Rillaboom
490,27.416%,Lugia,Rillaboom
491,31.470%,Chansey,Rillaboom
492,16.347%,Suicune,Rillaboom
493,46.501%,Landorus Incarnate Forme,Rillaboom
494,20.685%,Dusk Mane Necrozma,Rillaboom
495,16.614%,Dracovish,Rillaboom
496,51.195%,Regidrago,Rillaboom
497,14.450%,Zekrom,Rillaboom
498,41.223%,Volcarona,Rillaboom
499,48.354%,Meowstic Male,Rillaboom
500,29.514%,Stakataka,Rillaboom
501,11.440%,Thundurus Therian Forme,Rillaboom
502,11.939%,Galarian Moltres,Rillaboom
503,32.389%,Talonflame,Rillaboom
504,29.986%,Escavalier,Rillaboom
505,13.529%,Wash Rotom,Rillaboom
506,38.336%,Politoed,Rillaboom
507,81.632%,Swampert,Rillaboom
508,42.292%,Galarian Articuno,Rillaboom
509,20.913%,Slowbro,Rillaboom
510,47.383%,Raikou,Rillaboom
511,24.344%,Togedemaru,Rillaboom
512,34.633%,Gyarados,Rillaboom
513,73.007%,Heliolisk,Rillaboom
514,84.706%,Toxicroak,Rillaboom
515,84.354%,Greedent,Rillaboom
516,44.620%,Porygon-Z,Rillaboom
517,36.231%,Butterfree,Rillaboom
518,55.613%,Lucario,Rillaboom
519,17.192%,Mudsdale,Rillaboom
520,47.550%,Altaria,Rillaboom
521,42.866%,Gigalith,Rillaboom
522,22.492%,Riolu,Rillaboom
523,33.684%,Mandibuzz,Rillaboom
524,12.200%,Dragonite,Rillaboom
525,24.355%,Scrafty,Rillaboom
526,21.155%,Blacephalon,Rillaboom
527,14.335%,Duraludon,Rillaboom
528,43.255%,Heatran,Rillaboom
529,32.908%,Bisharp,Rillaboom
530,14.984%,Rhyperior,Rillaboom
531,52.230%,Electivire,Rillaboom
532,24.483%,Abomasnow,Rillaboom
533,44.025%,Diggersby,Rillaboom
534,5.670%,Swoobat,Rillaboom
535,14.415%,Durant,Rillaboom
536,26.056%,Cresselia,Rillaboom
537,28.369%,Conkeldurr,Rillaboom
538,38.753%,Boltund,Rillaboom
539,30.956%,Terrakion,Rillaboom
540,17.762%,Cobalion,Rillaboom
541,60.234%,Mantine,Rillaboom
542,58.584%,Dugtrio,Rillaboom
543,38.114%,Crobat,Rillaboom
544,65.075%,Cinccino,Rillaboom
545,62.071%,Cloyster,Rillaboom
546,43.090%,Drampa,Rillaboom
547,23.777%,Zoroark,Rillaboom
548,58.057%,Clawitzer,Rillaboom
549,83.979%,Qwilfish,Rillaboom
550,21.549%,Dhelmise,Rillaboom
551,11.812%,Runerigus,Rillaboom
552,22.691%,Braviary,Rillaboom
553,21.625%,Beartic,Rillaboom
554,20.434%,Copperajah,Rillaboom
555,15.322%,Flapple,Rillaboom
556,23.537%,Sylveon,Rillaboom
557,37.859%,Slurpuff,Rillaboom
558,35.095%,Hippowdon,Rillaboom
559,16.525%,Alakazam,Rillaboom
560,4.436%,Torracat,Rillaboom
561,22.363%,Thievul,Rillaboom
562,17.315%,Arctozolt,Rillaboom
563,15.257%,Cofagrigus,Rillaboom
564,16.679%,Starmie,Rillaboom
565,21.625%,Salazzle,Rillaboom
566,69.314%,Emolga,Rillaboom
567,5.273%,Charjabug,Rillaboom
568,44.127%,Toxtricity Low Key Form,Rillaboom
569,53.254%,Magnezone,Rillaboom
570,25.161%,Lopunny,Rillaboom
571,53.120%,Gourgeist Small Size,Rillaboom
572,38.370%,Malamar,Rillaboom
573,14.935%,Golisopod,Rillaboom
574,42.866%,Lycanroc Dusk Form,Rillaboom
575,58.594%,Unfezant,Rillaboom
576,15.722%,Perrserker,Rillaboom
577,12.019%,Galarian Slowbro,Rillaboom
578,64.139%,Frost Rotom,Rillaboom
579,20.694%,Sandaconda,Rillaboom
580,63.902%,Morpeko Full Belly Mode,Rillaboom
581,64.419%,Miltank,Rillaboom
582,20.941%,Crawdaunt,Rillaboom
583,20.781%,Heracross,Rillaboom
584,40.322%,Magneton,Rillaboom
585,38.342%,Stoutland,Rillaboom
586,16.867%,Noivern,Rillaboom
587,26.851%,Claydol,Rillaboom
588,22.965%,Falinks,Rillaboom
589,16.652%,Reuniclus,Rillaboom
590,39.289%,Dusknoir,Rillaboom
591,26.636%,Drapion,Rillaboom
592,4.884%,Vanilluxe,Rillaboom
593,8.081%,Sigilyph,Rillaboom
594,11.007%,Galvantula,Rillaboom
595,14.215%,Orbeetle,Rillaboom
596,22.774%,Passimian,Rillaboom
597,61.065%,Ninjask,Rillaboom
598,1.200%,Druddigon,Rillaboom
599,48.597%,Marowak,Rillaboom
600,49.922%,Tentacruel,Rillaboom
601,47.360%,Dragalge,Rillaboom
602,81.398%,Bewear,Rillaboom
603,25.652%,Alolan Sandslash,Rillaboom
604,24.532%,Poliwrath,Rillaboom
605,52.476%,Lycanroc Midnight Form,Rillaboom
606,12.817%,Lickilicky,Rillaboom
607,88.324%,Fan Rotom,Rillaboom
608,39.724%,Hitmonlee,Rillaboom
609,14.708%,Scolipede,Rillaboom
610,14.652%,Sandslash,Rillaboom
611,17.229%,Steelix,Rillaboom
612,26.808%,Noctowl,Rillaboom
613,24.347%,Zacian Crowned Sword,Gastrodon
614,24.016%,Incineroar,Gastrodon
615,30.726%,Grimmsnarl,Gastrodon
616,12.018%,Rillaboom,Gastrodon
617,42.181%,Groudon,Gastrodon
618,20.673%,Calyrex Shadow Rider,Gastrodon
619,27.273%,Thundurus Incarnate Forme,Gastrodon
620,47.798%,Charizard,Gastrodon
621,27.077%,Yveltal,Gastrodon
622,54.263%,Ho-oh,Gastrodon
623,53.559%,Heat Rotom,Gastrodon
624,15.713%,Dragapult,Gastrodon
625,18.389%,Umbreon,Gastrodon
626,11.851%,Rayquaza,Gastrodon
627,37.251%,Spectrier,Gastrodon
628,48.421%,Reshiram,Gastrodon
629,30.066%,Celesteela,Gastrodon
630,10.857%,Pheromosa,Gastrodon
631,17.425%,Lugia,Gastrodon
632,37.071%,Tapu Koko,Gastrodon
633,8.949%,Weavile,Gastrodon
634,79.393%,Sneasel,Gastrodon
635,16.163%,Tyranitar,Gastrodon
636,38.665%,Pikachu,Gastrodon
637,17.332%,Nihilego,Gastrodon
638,8.490%,Garchomp,Gastrodon
639,12.102%,Heliolisk,Gastrodon
640,71.795%,Tapu Bulu,Gastrodon
641,17.988%,Excadrill,Gastrodon
642,5.132%,Toxicroak,Gastrodon
643,73.678%,Centiskorch,Gastrodon
644,43.308%,Gigalith,Gastrodon
645,47.427%,Cradily,Gastrodon
646,42.584%,Obstagoon,Gastrodon
647,19.188%,Scrafty,Gastrodon
648,1.572%,Trevenant,Gastrodon
649,32.173%,Appletun,Gastrodon
650,27.546%,Leafeon,Gastrodon
651,70.142%,Vikavolt,Gastrodon
652,23.251%,Cresselia,Gastrodon
653,97.288%,Mr. Rime,Gastrodon
654,46.817%,Boltund,Gastrodon
655,21.411%,Terrakion,Gastrodon
656,4.309%,Machamp,Gastrodon
657,38.686%,Goodra,Gastrodon
658,50.968%,Kommo-o,Gastrodon
659,25.741%,Sirfetch'd,Gastrodon
660,13.370%,Aromatisse,Gastrodon
661,23.085%,Zacian Crowned Sword,Thundurus Incarnate Forme
662,20.813%,Incineroar,Thundurus Incarnate Forme
663,13.280%,Grimmsnarl,Thundurus Incarnate Forme
664,23.208%,Rillaboom,Thundurus Incarnate Forme
665,18.902%,Groudon,Thundurus Incarnate Forme
666,35.361%,Calyrex Shadow Rider,Thundurus Incarnate Forme
667,29.417%,Gastrodon,Thundurus Incarnate Forme
668,15.430%,Charizard,Thundurus Incarnate Forme
669,19.241%,Whimsicott,Thundurus Incarnate Forme
670,17.752%,Palkia,Thundurus Incarnate Forme
671,32.156%,Blastoise,Thundurus Incarnate Forme
672,20.741%,Venusaur,Thundurus Incarnate Forme
673,20.708%,Ferrothorn,Thundurus Incarnate Forme
674,19.080%,Ditto,Thundurus Incarnate Forme
675,14.845%,Xerneas,Thundurus Incarnate Forme
676,16.819%,Dialga,Thundurus Incarnate Forme
677,20.065%,Shedinja,Thundurus Incarnate Forme
678,17.588%,Solgaleo,Thundurus Incarnate Forme
679,14.258%,Kingdra,Thundurus Incarnate Forme
680,29.444%,Weezing,Thundurus Incarnate Forme
681,40.690%,Entei,Thundurus Incarnate Forme
682,22.984%,Lunala,Thundurus Incarnate Forme
683,16.239%,White Kyurem,Thundurus Incarnate Forme
684,28.329%,Tapu Fini,Thundurus Incarnate Forme
685,27.787%,Sableye,Thundurus Incarnate Forme
686,46.404%,Gothitelle,Thundurus Incarnate Forme
687,22.825%,Ho-oh,Thundurus Incarnate Forme
688,22.808%,Eternatus,Thundurus Incarnate Forme
689,25.374%,Regigigas,Thundurus Incarnate Forme
690,63.749%,Bronzong,Thundurus Incarnate Forme
691,11.860%,Coalossal,Thundurus Incarnate Forme
692,49.504%,Umbreon,Thundurus Incarnate Forme
693,16.587%,Lapras,Thundurus Incarnate Forme
694,20.355%,Reshiram,Thundurus Incarnate Forme
695,32.982%,Zygarde Complete Forme,Thundurus Incarnate Forme
696,27.615%,Mamoswine,Thundurus Incarnate Forme
697,85.910%,Dawn Wings Necrozma,Thundurus Incarnate Forme
698,21.428%,Metagross,Thundurus Incarnate Forme
699,48.365%,Arcanine,Thundurus Incarnate Forme
700,42.197%,Zamazenta Crowned Shield,Thundurus Incarnate Forme
701,20.796%,Clefairy,Thundurus Incarnate Forme
702,32.563%,Suicune,Thundurus Incarnate Forme
703,19.106%,Dusk Mane Necrozma,Thundurus Incarnate Forme
704,66.684%,Alcremie,Thundurus Incarnate Forme
705,10.184%,Hitmontop,Thundurus Incarnate Forme
706,40.268%,Darmanitan Galarian Standard Mode,Thundurus Incarnate Forme
707,16.412%,Snorlax,Thundurus Incarnate Forme
708,12.216%,Mewtwo,Thundurus Incarnate Forme
709,43.127%,Politoed,Thundurus Incarnate Forme
710,40.935%,Ludicolo,Thundurus Incarnate Forme
711,13.797%,Slowking,Thundurus Incarnate Forme
712,6.685%,Swampert,Thundurus Incarnate Forme
713,39.538%,Scizor,Thundurus Incarnate Forme
714,74.970%,Giratina Origin Forme,Thundurus Incarnate Forme
715,80.433%,Toxapex,Thundurus Incarnate Forme
716,16.588%,Pelipper,Thundurus Incarnate Forme
717,18.633%,Nihilego,Thundurus Incarnate Forme
718,29.930%,Gyarados,Thundurus Incarnate Forme
719,8.914%,Garchomp,Thundurus Incarnate Forme
720,45.074%,Tapu Bulu,Thundurus Incarnate Forme
721,9.430%,Primarina,Thundurus Incarnate Forme
722,63.501%,Shiftry,Thundurus Incarnate Forme
723,33.187%,Centiskorch,Thundurus Incarnate Forme
724,14.766%,Cherrim,Thundurus Incarnate Forme
725,19.859%,Altaria,Thundurus Incarnate Forme
726,23.372%,Riolu,Thundurus Incarnate Forme
727,61.251%,Darmanitan Standard Mode,Thundurus Incarnate Forme
728,57.505%,Kabutops,Thundurus Incarnate Forme
729,4.105%,Drednaw,Thundurus Incarnate Forme
730,31.116%,Appletun,Thundurus Incarnate Forme
731,63.961%,Stonjourner,Thundurus Incarnate Forme
732,20.288%,Giratina Altered Forme,Thundurus Incarnate Forme
733,13.331%,Durant,Thundurus Incarnate Forme
734,97.498%,Mr. Rime,Thundurus Incarnate Forme
735,5.072%,Mantine,Thundurus Incarnate Forme
736,81.097%,Garbodor,Thundurus Incarnate Forme
737,8.177%,Luxray,Thundurus Incarnate Forme
738,39.299%,Espeon,Thundurus Incarnate Forme
739,32.682%,Hawlucha,Thundurus Incarnate Forme
740,22.407%,Zacian Crowned Sword,Landorus Therian Forme
741,24.334%,Kyogre,Landorus Therian Forme
742,15.336%,Grimmsnarl,Landorus Therian Forme
743,23.315%,Regieleki,Landorus Therian Forme
744,18.854%,Rillaboom,Landorus Therian Forme
745,16.505%,Gastrodon,Landorus Therian Forme
746,19.878%,Amoonguss,Landorus Therian Forme
747,24.166%,Indeedee Female,Landorus Therian Forme
748,16.249%,Whimsicott,Landorus Therian Forme
749,45.888%,Yveltal,Landorus Therian Forme
750,28.733%,Tornadus Incarnate Forme,Landorus Therian Forme
751,10.598%,Zapdos,Landorus Therian Forme
752,18.727%,Kartana,Landorus Therian Forme
753,8.942%,Blastoise,Landorus Therian Forme
754,18.900%,Ferrothorn,Landorus Therian Forme
755,14.684%,Urshifu Single Strike Style,Landorus Therian Forme
756,21.224%,Dialga,Landorus Therian Forme
757,24.825%,Shedinja,Landorus Therian Forme
758,15.982%,Solgaleo,Landorus Therian Forme
759,29.610%,Kingdra,Landorus Therian Forme
760,11.675%,Raichu,Landorus Therian Forme
761,31.514%,Sableye,Landorus Therian Forme
762,16.728%,Ho-oh,Landorus Therian Forme
763,46.956%,Heat Rotom,Landorus Therian Forme
764,16.623%,Bronzong,Landorus Therian Forme
765,21.919%,Lapras,Landorus Therian Forme
766,25.596%,Reshiram,Landorus Therian Forme
767,9.412%,Barraskewda,Landorus Therian Forme
768,39.459%,Clefairy,Landorus Therian Forme
769,23.019%,Lugia,Landorus Therian Forme
770,13.185%,Suicune,Landorus Therian Forme
771,70.031%,Weavile,Landorus Therian Forme
772,12.078%,Tsareena,Landorus Therian Forme
773,15.176%,Dracovish,Landorus Therian Forme
774,14.902%,Meowstic Male,Landorus Therian Forme
775,69.332%,Alolan Persian,Landorus Therian Forme
776,15.422%,Milotic,Landorus Therian Forme
777,21.731%,Mewtwo,Landorus Therian Forme
778,40.363%,Wash Rotom,Landorus Therian Forme
779,15.984%,Ludicolo,Landorus Therian Forme
780,16.911%,Tyranitar,Landorus Therian Forme
781,17.109%,Alolan Marowak,Landorus Therian Forme
782,76.879%,Giratina Origin Forme,Landorus Therian Forme
783,11.381%,Toxapex,Landorus Therian Forme
784,61.903%,Pelipper,Landorus Therian Forme
785,16.531%,Gyarados,Landorus Therian Forme
786,9.072%,Primarina,Landorus Therian Forme
787,12.295%,Shiftry,Landorus Therian Forme
788,2.145%,Toxicroak,Landorus Therian Forme
789,15.262%,Sceptile,Landorus Therian Forme
790,22.450%,Aegislash Shield Forme,Landorus Therian Forme
791,21.057%,Butterfree,Landorus Therian Forme
792,21.340%,Altaria,Landorus Therian Forme
793,34.365%,Froslass,Landorus Therian Forme
794,18.246%,Jellicent,Landorus Therian Forme
795,20.071%,Alolan Exeggutor,Landorus Therian Forme
796,12.969%,Obstagoon,Landorus Therian Forme
797,65.394%,Aerodactyl,Landorus Therian Forme
798,4.401%,Drednaw,Landorus Therian Forme
799,17.706%,Heatran,Landorus Therian Forme
800,80.619%,Registeel,Landorus Therian Forme
801,30.957%,Conkeldurr,Landorus Therian Forme
802,30.022%,Cobalion,Landorus Therian Forme
803,19.278%,Black Kyurem,Landorus Therian Forme
804,10.186%,Mantine,Landorus Therian Forme
805,16.605%,Accelgor,Landorus Therian Forme
806,4.519%,Garbodor,Landorus Therian Forme
807,19.937%,Palossand,Landorus Therian Forme
808,58.495%,Blissey,Landorus Therian Forme
809,29.415%,Blaziken,Landorus Therian Forme
810,41.071%,Mime Galarian Mr. Mime,Landorus Therian Forme
811,20.653%,Zacian Crowned Sword,Regieleki
812,23.941%,Incineroar,Regieleki
813,23.057%,Kyogre,Regieleki
814,17.088%,Grimmsnarl,Regieleki
815,19.062%,Rillaboom,Regieleki
816,18.069%,Groudon,Regieleki
817,41.234%,Calyrex Shadow Rider,Regieleki
818,34.477%,Landorus Therian Forme,Regieleki
819,19.102%,Charizard,Regieleki
820,35.762%,Amoonguss,Regieleki
821,30.412%,Indeedee Female,Regieleki
822,37.898%,Whimsicott,Regieleki
823,51.634%,Yveltal,Regieleki
824,36.174%,Calyrex Ice Rider,Regieleki
825,33.459%,Palkia,Regieleki
826,20.761%,Porygon2,Regieleki
827,19.366%,Tornadus Incarnate Forme,Regieleki
828,38.350%,Blastoise,Regieleki
829,25.844%,Ferrothorn,Regieleki
830,17.147%,Ditto,Regieleki
831,40.160%,Urshifu Single Strike Style,Regieleki
832,15.972%,Xerneas,Regieleki
833,20.568%,Dialga,Regieleki
834,19.283%,Solgaleo,Regieleki
835,50.931%,Dusclops,Regieleki
836,20.153%,Weezing,Regieleki
837,38.760%,Lunala,Regieleki
838,31.675%,White Kyurem,Regieleki
839,36.819%,Urshifu Rapid Strike Style,Regieleki
840,18.316%,Tapu Lele,Regieleki
841,33.519%,Mimikyu,Regieleki
842,20.880%,Gothitelle,Regieleki
843,17.110%,Ho-oh,Regieleki
844,16.219%,Eternatus,Regieleki
845,35.065%,Regigigas,Regieleki
846,32.880%,Cinderace,Regieleki
847,12.016%,Bronzong,Regieleki
848,35.897%,Togekiss,Regieleki
849,66.451%,Indeedee Male,Regieleki
850,23.603%,Comfey,Regieleki
851,41.148%,Lapras,Regieleki
852,17.116%,Rayquaza,Regieleki
853,17.215%,Spectrier,Regieleki
854,48.222%,Mamoswine,Regieleki
855,16.922%,Arcanine,Regieleki
856,47.149%,Clefairy,Regieleki
857,17.635%,Mienshao,Regieleki
858,59.821%,Landorus Incarnate Forme,Regieleki
859,16.433%,Dusk Mane Necrozma,Regieleki
860,34.018%,Hydreigon,Regieleki
861,11.545%,Weavile,Regieleki
862,52.867%,Tsareena,Regieleki
863,9.522%,Regidrago,Regieleki
864,53.590%,Hitmontop,Regieleki
865,29.285%,Zekrom,Regieleki
866,15.049%,Galarian Zapdos,Regieleki
867,31.951%,Volcarona,Regieleki
868,18.773%,Meowstic Male,Regieleki
869,7.187%,Alolan Persian,Regieleki
870,17.863%,Snorlax,Regieleki
871,35.612%,Galarian Moltres,Regieleki
872,18.575%,Talonflame,Regieleki
873,46.413%,Mewtwo,Regieleki
874,27.838%,Inteleon,Regieleki
875,41.972%,Wash Rotom,Regieleki
876,78.840%,Swampert,Regieleki
877,24.709%,Galarian Articuno,Regieleki
878,15.629%,Tyranitar,Regieleki
879,68.119%,Galarian Weezing,Regieleki
880,49.314%,Moltres,Regieleki
881,13.860%,Primarina,Regieleki
882,17.515%,Shiftry,Regieleki
883,16.706%,Chandelure,Regieleki
884,11.096%,Greedent,Regieleki
885,33.458%,Cherrim,Regieleki
886,7.398%,Exeggutor,Regieleki
887,35.394%,Froslass,Regieleki
888,6.248%,Lurantis,Regieleki
889,42.110%,Latias,Regieleki
890,20.022%,Alolan Exeggutor,Regieleki
891,53.554%,Scrafty,Regieleki
892,10.368%,Kabutops,Regieleki
893,32.270%,Blacephalon,Regieleki
894,29.326%,Duraludon,Regieleki
895,1.572%,Trevenant,Regieleki
896,82.563%,Drednaw,Regieleki
897,23.685%,Bisharp,Regieleki
898,11.063%,Registeel,Regieleki
899,15.179%,Stonjourner,Regieleki
900,24.453%,Abomasnow,Regieleki
901,20.658%,Giratina Altered Forme,Regieleki
902,43.257%,Durant,Regieleki
903,4.088%,Wishiwashi Solo Form,Regieleki
904,45.468%,Conkeldurr,Regieleki
905,1.002%,Mantine,Regieleki
906,66.044%,Machamp,Regieleki
907,36.820%,Silvally,Regieleki
908,67.802%,Tauros,Regieleki
909,4.880%,Dugtrio,Regieleki
910,50.875%,Glaceon,Regieleki
911,14.414%,Cinccino,Regieleki
912,21.548%,Blissey,Regieleki
913,43.888%,Mime Galarian Mr. Mime,Regieleki
914,19.761%,Zacian Crowned Sword,Calyrex Shadow Rider
915,31.704%,Regieleki,Calyrex Shadow Rider
916,31.258%,Rillaboom,Calyrex Shadow Rider
917,37.556%,Thundurus Incarnate Forme,Calyrex Shadow Rider
918,19.329%,Landorus Therian Forme,Calyrex Shadow Rider
919,23.682%,Gastrodon,Calyrex Shadow Rider
920,27.633%,Indeedee Female,Calyrex Shadow Rider
921,38.013%,Whimsicott,Calyrex Shadow Rider
922,9.062%,Zapdos,Calyrex Shadow Rider
923,71.101%,Blastoise,Calyrex Shadow Rider
924,34.781%,Ditto,Calyrex Shadow Rider
925,36.336%,Weezing,Calyrex Shadow Rider
926,12.259%,White Kyurem,Calyrex Shadow Rider
927,39.911%,Urshifu Rapid Strike Style,Calyrex Shadow Rider
928,23.599%,Tapu Lele,Calyrex Shadow Rider
929,78.613%,Regigigas,Calyrex Shadow Rider
930,23.732%,Cinderace,Calyrex Shadow Rider
931,29.813%,Togekiss,Calyrex Shadow Rider
932,12.458%,Coalossal,Calyrex Shadow Rider
933,64.363%,Indeedee Male,Calyrex Shadow Rider
934,16.019%,Comfey,Calyrex Shadow Rider
935,20.988%,Lapras,Calyrex Shadow Rider
936,77.049%,Mamoswine,Calyrex Shadow Rider
937,29.039%,Barraskewda,Calyrex Shadow Rider
938,30.822%,Celesteela,Calyrex Shadow Rider
939,23.657%,Metagross,Calyrex Shadow Rider
940,31.833%,Araquanid,Calyrex Shadow Rider
941,46.257%,Clefairy,Calyrex Shadow Rider
942,72.737%,Mienshao,Calyrex Shadow Rider
943,16.267%,Suicune,Calyrex Shadow Rider
944,32.507%,Tsareena,Calyrex Shadow Rider
945,17.695%,Glastrier,Calyrex Shadow Rider
946,21.760%,Dracovish,Calyrex Shadow Rider
947,9.778%,Regidrago,Calyrex Shadow Rider
948,55.016%,Hitmontop,Calyrex Shadow Rider
949,41.273%,Darmanitan Galarian Standard Mode,Calyrex Shadow Rider
950,14.506%,Shuckle,Calyrex Shadow Rider
951,12.280%,Galarian Zapdos,Calyrex Shadow Rider
952,39.275%,Volcarona,Calyrex Shadow Rider
953,15.226%,Meowstic Male,Calyrex Shadow Rider
954,6.108%,Alolan Persian,Calyrex Shadow Rider
955,15.435%,Snorlax,Calyrex Shadow Rider
956,12.790%,Stakataka,Calyrex Shadow Rider
957,16.494%,Galarian Moltres,Calyrex Shadow Rider
958,40.623%,Milotic,Calyrex Shadow Rider
959,22.659%,Klinklang,Calyrex Shadow Rider
960,16.512%,Inteleon,Calyrex Shadow Rider
961,8.553%,Salamence,Calyrex Shadow Rider
962,13.759%,Hatterene,Calyrex Shadow Rider
963,7.019%,Escavalier,Calyrex Shadow Rider
964,71.488%,Politoed,Calyrex Shadow Rider
965,6.752%,Swampert,Calyrex Shadow Rider
966,31.106%,Alolan Ninetales,Calyrex Shadow Rider
967,77.557%,Pelipper,Calyrex Shadow Rider
968,90.946%,Galarian Weezing,Calyrex Shadow Rider
969,49.959%,Kingler,Calyrex Shadow Rider
970,18.299%,Gyarados,Calyrex Shadow Rider
971,12.205%,Garchomp,Calyrex Shadow Rider
972,72.650%,Heliolisk,Calyrex Shadow Rider
973,44.857%,Tapu Bulu,Calyrex Shadow Rider
974,1.818%,Drifblim,Calyrex Shadow Rider
975,84.219%,Toxicroak,Calyrex Shadow Rider
976,46.762%,Dracozolt,Calyrex Shadow Rider
977,84.392%,Greedent,Calyrex Shadow Rider
978,63.087%,Exeggutor,Calyrex Shadow Rider
979,36.029%,Froslass,Calyrex Shadow Rider
980,18.859%,Mandibuzz,Calyrex Shadow Rider
981,37.231%,Darmanitan Standard Mode,Calyrex Shadow Rider
982,13.608%,Obstagoon,Calyrex Shadow Rider
983,58.978%,Aerodactyl,Calyrex Shadow Rider
984,30.422%,Duraludon,Calyrex Shadow Rider
985,20.361%,Bisharp,Calyrex Shadow Rider
986,24.912%,Stonjourner,Calyrex Shadow Rider
987,52.331%,Electivire,Calyrex Shadow Rider
988,9.716%,Diggersby,Calyrex Shadow Rider
989,75.245%,Swoobat,Calyrex Shadow Rider
990,75.551%,Durant,Calyrex Shadow Rider
991,38.115%,Terrakion,Calyrex Shadow Rider
992,69.636%,Machamp,Calyrex Shadow Rider
993,45.050%,Silvally,Calyrex Shadow Rider
994,40.525%,Xurkitree,Calyrex Shadow Rider
995,70.255%,Tauros,Calyrex Shadow Rider
996,82.164%,Garbodor,Calyrex Shadow Rider
997,58.595%,Dugtrio,Calyrex Shadow Rider
998,29.190%,Crobat,Calyrex Shadow Rider
999,21.392%,Blissey,Calyrex Shadow Rider
1000,42.605%,Drampa,Calyrex Shadow Rider
